Analysis	Mathematical analysis	Análisis matemático

iterierte	edp	fechada
erfahrung	firm	diez
zählt	estimated	baire
gebiete	resolved	cortaduras
alphabet	detection	aritmetización
integralsätze	agrégation	recurre
sagen	baire	agosto
solch	stevin	inventan
ausgabe	decades	valieron
impliziter	tropical	sujeta
eigenständigen	april	llena
kulturen	extremizing	axiomatización
vereinfachungen	medicine	generadoras
lösungsstruktur	concentrating	controversia
standpunkt	followers	colegas
harmonischen	smoothness	formaliza
ordinatenabschnitt	monogenic	decidiera
lösungsmethoden	thereby	llevaron
hauptgegenständen	gould	acaban
abstrakteren	maintaining	padrinazgo
kleinere	capes	públicos
entscheidende	isolate	discípulos
brachte	truncating	análsis
abgrenzbaren	alongside	compondrían
dimensionsfreien	dynamically	lógicos
mittlere	principle	instigaciones
mitsamt	seismic	julio
davis	arts	desarrolladas
schule	investigates	inició
academic	réelle	refinar


Differentialrechnung	Differential calculus	Cálculo diferencial

produktionsfunktion	aryabhata	decrementará
male	slopes	agregan
robinson	earned	wikiversidad
volkswirtschaft	rod	apartado
einwirkenden	shortest	burda
ausmultiplizieren	rearranging	hilo
heidenau	vital	engeivalores
wellen	significantly	michael
gleichwohl	edwards	concluyente
legten	rendered	mapeo
erwiesen	sharaf	tome
leibnizsche	analyse	aprendizaje
anleitung	observation	polinómico
arbeiteten	perga	tangencia
pfade	credit	instantáneas
symptomatisch	concluded	calculador
erinnert	roshdi	early
einschränkender	transport	redondeada
sekantensteigungen	huygens	quizá
welle	apollonius	diferenciada
akademie	systematically	cambian
lokaler	argued	proyectos
main	obsolete	estacionario
dieudonné	pasted	tasa
geläufiger	guaranteed	caracterizar
linie	hint	larson
identitäten	diffuses	examinar
anlehnung	argue	emplearse
ableitungsbegriff	blaise	eigenvalor
schließen	pascal	restringe


Differentialrechnung	Derivative	Derivada

produktionsfunktion	jet	garantiza
male	assembling	observando
robinson	elsewhere	podrían
volkswirtschaft	deficiency	rapidez
einwirkenden	begun	encontrarse
ausmultiplizieren	antidifferentiation	intentando
heidenau	clarify	aporte
wellen	pronounced	anulado
gleichwohl	imposes	nombres
legten	notice	atañe
erwiesen	adapt	sola
leibnizsche	pullback	típicos
anleitung	room	cambie
arbeiteten	nearby	incremental
pfade	inspired	reestructurar
symptomatisch	paralleled	funciona
erinnert	usain	lista
einschränkender	precomposing	avión
sekantensteigungen	alone	progresivamente
welle	thread	darían
akademie	hardly	manifiesta
lokaler	shadow	elige
main	monotone	cancelar
dieudonné	low	realice
geläufiger	oral	incompleta
linie	prototypical	viendo
identitäten	pushforward	eventualmente
anlehnung	chooses	hablamos
ableitungsbegriff	unmanageable	nombrar
schließen	split	viaja


Integralrechnung	Integral	Integración

flusses	explaining	aplicándolo
bezeichner	twelve	variante
sprunghöhe	demonstrates	ε
doliorum	depth	escalones
vielerlei	benefits	tarea
untermannigfaltigkeit	rectilinear	antiderivadas
fließenden	user	doce
nonius	calling	busca
zeitraums	partitioning	interpretando
schwierigkeiten	subsequently	ido
eingeklammert	cavalieri	paralelismo
deutet	connects	casualidad
abkürzung	academy	echar
händischen	desire	tierra
flächenstücke	link	separa
streben	wedge	normalización
entscheidender	drove	participen
oberfläche	clarifies	generalizaba
christus	motivations	sabe
integralkonstruktion	shortcomings	caída
beleuchtungsstärke	trapezoid	abajo
flächenelemente	daniell	empezando
cavalieri	geng	carga
begrenzt	bishop	sistemático
spektralen	irregular	falta
folgend	heaps	estudiantes
v	katz	ponderados
limesbildung	pay	caudal
rückgriff	analogs	agua
vektorfunktion	risch	compatible


Fundamentalsatz der Analysis	Fundamental theorem of calculus	Teorema fundamental del cálculo

weswegen	seemingly	intuitiva
edwards	admit	convergence
development	predate	sabían
kurvenintegrale	harpercollins	demostrando
lopez	memorial	relevancia
erstellten	knew	estudiante
wissenschaftlichen	fritz	xiv
historical	car	estimar
integrationskonstante	stopwatch	estudiadas
halben	january	investigadas
fundamental	keep	mejora
film	perish	sistematizó
wiedergewonnen	systematized	venía
hernandez	tercentenary	constatación
pars	offered	esencialmente
praktikable	excess	histórica
variieren	hundreds	proof
signumfunktion	links	conocimiento
oxford	crux	tfc
aufzeichnungen	relevance	restando
induzierter	window	calculus
möglichkeiten	speedometer	llamaríamos
bekannter	rudimentary	convirtiéndose
einseitig	surfaces	hallando
schrieb	gregorie	reconoció
einheitskreises	moreover	seguía
prozess	fourteenth	calculadores
parameterintervall	surrounding	apariencia
principia	realization	vinculado
interessanter	evidence	theorem


Grenzwert (Funktion)	Limit of a function	Límite de una función

lehrsatz	microcontinuity	agujereado
grenzwertsätze	nonetheless	cercanía
punktierten	land	contenidas
genügend	infinities	adquiere
missverständnissen	congress	trabajar
neuere	grounded	alcance
symbolischen	nearer	listadas
ausdrücklich	cours	verificándose
entscheidend	asymptotes	definiremos
jüngerer	bartle	asíntotas
grenzwertdefinition	projectively	encierra
verwechslungen	insist	indeterminados
umgebungsfilter	jeff	métricas
nichtpunktierte	inappropriate	pure
punktierung	watson	formados
filter	thing	convertido
klassische	positioning	decrece
definitionsvarianten	whittaker	tremendamente
mitunter	quantifier	obliga
filterbasis	excludes	damos
eigentliche	oscillatory	valiosa
beidseitiger	deleted	acercamos
pi	punctured	darse
zweitens	writes	asíntota
ergiebig	keisler	indeterminaciones
punktiert	irrelevant	utilizaremos
verboten	notices	surge
solides	informal	referir
statische	criticism	secuencial
einseitigen	reports	superará


Extremwert	Maxima and minima	Extremos de una función

überprüfung	plural	jacobiana
reflexiven	reductio	buscar
strikte	propose	pertenenciente
regentropfens	substantial	requeriría
geringsten	seeing	debemos
quasikonvex	extrema	localizar
randpunkten	plurals	iguala
optimierungsproblemen	poset	despeja
extremalpunkte	sub	sujeto
extrema	glowing	evidentes
vorgaben	extremum	colectivamente
weiterhilft	greatest	halle
erzielen	maximal	totalidad
extremwerte	global	situado
minimalem	maximum	optimización
arg	minimum	obvio
vergleiche	maxima	multiplicadores
lokales	minima	prácticas
umfang	minimal	posea
verschwinden	collectively	halla
größtmögliche	pierre	inflexión
schwächt	strict	critico
seitenlängen	totally	básico
unterhalbstetiges	stationary	relativos
ableitbar	figure	equivalentemente
extremalstellen	pages	reducido
nachbarschaftsfunktion	mutual	global
extremwerten	web	minimizando
maximums	local	cumplirse
umgebungsbegriff	look	absolutos


Funktion (Mathematik)	Function (mathematics)	Función matemática

schrittweise	beaver	partido
hinzunehmen	mark	quetzales
browser	stand	indeterminada
booleschen	enjoy	viaje
übereinstimmt	java	xx
einzeln	displayed	asociativos
spezielleren	busy	diagrama
ausführlicher	developments	graficador
gruppentheorie	rigor	electores
veränderlichen	cleaner	voto
la	york	votante
aufeinanderfolgender	quarter	actuar
funktionsbegriffs	undecidable	tren
funktionsprogramme	syntax	vinculados
surjektivität	epistemology	manipulan
gleichwertig	bourbakian	parejas
oscillierenden	overriding	none
transitionsrelation	preimage	add
mehrwertige	computability	mamífero
konstituierend	exclamation	martes
erzwang	allowable	innumerables
gezeichnete	diverting	imaginaba
verkettet	memorized	asigne
armbrust	halting	recortar
zahlenkörper	millennium	clasificados
umschreibung	conflated	terminologías
tabellenform	curried	biyectivas
insebesondere	kurt	permitía
multifunktionen	virginia	semana
dreidimensionales	profound	prefijo


Mengenlehre	Set theory	Teoría de conjuntos

erfolgreicher	hierarchy	comportan
frege	georg	cantoriana
foundations	zfc	famosa
ε	derivations	enunciados
erfolgreich	cantorian	relativa
schülers	invariants	hipótesis
independence	universe	presenten
erfolg	borel	históricamente
elementzeichen	wife	contradicción
vollzog	moore	atribuye
martin	hyperarithmetical	apoyan
bourbaki	akihiro	philosophy
älterer	feferman	constituyendo
blieb	axiomatize	encyclopedia
antinomien	continental	acepta
pragmatische	strategies	propició
arithmetik	contradict	apela
vorübergehenden	edward	axiomáticas
gemessen	aptly	razonamientos
grundschule	scientifically	abstractas
nichtmenge	nf	diciembre
mengenbegriff	borrows	precedido
elementprädikat	intuitionistic	gottlob
kurzschreibweise	objected	polémico
relationen	schemata	razona
entwickelnden	publication	precisas
entdeckungen	yes	paradoja
konsequente	polish	subcolección
schulklasse	topos	consideradas
leopold	interrelated	pertenencia


Taylor-Formel	Taylor's theorem	Teorema de Taylor

skalarwertigen	minimizing	flechas
vorgestellt	vanish	maximizando
induktionsschritt	parametrizes	ξ
bogenmaß	numerics	cómoda
karlsruhe	maximizing	manuelmente
nähe	courses	vemos
passenden	select	volume
quadratisches	dominated	resumen
glied	reads	asintótico
befindet	multinomial	intuitive
nützlichkeit	adjoining	acotar
letzte	matching	permanece
ausgleichung	denoting	desea
kosinusfunktion	concavity	reorganizando
kotangens	centers	probarse
schlömilchsche	ξ	anteúltima
integralrestglied	demonstrative	mencionamos
grundkurs	universally	omitirán
abgebrochene	donald	nulas
abweichung	holistic	pongamos
analytischer	dwarfed	continuamente
eindimensionale	justified	enunciamos
viertes	reliable	encontramos
tangens	disks	hallada
taylorpolynoms	morris	demuestran
taylorpolynom	poles	correcta
drittes	aims	acotaciones
qualitative	vanishes	usamos
geodätischer	covers	cota
kompakter	parametrize	expresadas


Mittelwertsatz der Differentialrechnung	Mean value theorem	Teorema del valor medio

konstanz	chord	aloja
passende	achieves	comentarios
steigend	ends	marin
konsequenz	monotonically	michel
monotoniekriterium	parameshvara	escoger
kommenden	commentaries	verificado
verbindungsstrecke	discards	ende
pool	pick	convexo
ausdehnung	mvt	valore
schrankensatz	lang	paraleas
besagt	illustrates	descrito
kurvendiskussion	monotonic	demostrada
hilfsfunktionen	joining	afectados
kurvenpunkt	classic	quería
zwischenstelle	cancelling	sumatoria
keinesfalls	hypotheses	paramésuara
veränderten	probabilistic	declarado
zahlreicher	fix	especifíca
bruchform	khan	rolle
verschärfungen	likely	procederemos
hilfsfunktion	govindasvāmi	govindasvāmi
komponentenfunktionen	reflex	une
gedeutet	trick	astronomía
monotonieverhalten	rolle	kerala
hinreichendes	parametrization	restringida
übersichtsdiagramm	claim	consideramos
identischer	mean	paralela
mittelwertsatz	satisfied	jacobiano
strecke	endpoints	probado
mittelwertsatzes	φ	formuló


Stetigkeit	Continuous function	Función continua

situationen	increment	salto
oszillation	nonequivalent	importa
grenzfall	categories	tomados
kategorien	jumps	aislados
gewinnt	preservation	γ
geeignet	ages	trazo
kostenfreien	refining	indispensable
abzählbare	preimages	observemos
homöomorphie	conversely	munkres
exemplare	finest	salen
ergebnisses	plausible	referido
verhaltensänderung	sinc	extendida
abbilds	restrictive	consultar
komplexwertiger	unions	ciclos
aufgebrachten	lim	clásicos
facit	commutes	continudad
gerichteten	isolated	incorporar
normal	existing	dibujarse
chaotische	child	aislado
halbstetigkeit	admissible	lang
seltenen	hölder	centrado
untersuchende	goursat	dirac
vorgabe	discusses	compuesta
beantwortet	denied	ordinal
uniformer	continuities	wilmington
gewiss	canonically	producen
elementares	coarser	abiertos
gefallenen	coarsest	browniano
konvergenzbegriffs	preservations	implican
ausgedehnt	exercised	contraejemplo


Potenz (Mathematik)	Exponentiation	Potenciación

wertes	automorphism	estableciendo
iterationen	haskell	aceptar
arkusfunktion	alternates	proporcionó
leeren	tetration	erróneamente
beweises	string	admita
potenzturm	reasonably	indefinido
ahnenverlust	zenzizenzizenzic	conclusión
nachfolgende	indirection	asignado
potenzmengenaxiom	binomials	pertenecer
rekursiv	rene	permanecer
gegebenem	employs	comentarista
wissenschaftliche	quandle	joaquín
summand	noninteger	knuth
überraschend	counterexample	sitúa
digitaler	byte	recoge
wurzelexponenten	vertex	distribuir
handgeschriebenen	digit	multiplican
schreibmaschinen	concatenation	dividendo
commodore	kilo	prohibida
haskell	nonterminating	exige
bruchdarstellung	relying	específicas
gelebt	raise	admitirá
erfinder	tending	incidente
grenzwertsätzen	facilitated	argumentarse
wiedergeben	invention	desplazar
biologische	posix	firmó
irrational	permit	cuadrante
libri	preferring	royale
exponentiation	flatness	moivre
geordneter	exp	definible


Logarithmus	Logarithm	Logaritmo

zunutze	estimation	tomada
erzeuger	calculates	cordic
zahlentheoretischen	brightness	vinculada
else	vinegar	propósitos
bewertung	proportion	funcionan
dezimalsystem	digits	obstáculo
schiebt	quantifying	rápido
zeitskalen	boltzmann	intensidad
abzählen	richter	navegación
nachkommastellen	precalculated	progresión
doppeltlogarithmisches	national	aprovechando
mehrfachem	manual	combinar
elegante	canonis	logarítmica
positives	mantissa	contribuyó
unschön	pitch	cayó
erzeugung	belgian	luminosidad
veröffentlicht	lambert	satisfaga
pol	capital	marítima
neper	briggs	cíclico
diode	quantify	canonis
heraus	fraudulent	exponenciando
michael	chaotic	facilitando
fairen	lyapunov	precalculada
canonis	secure	ajusta
erlangten	routine	utilizado
subtraktionen	justify	irracional
elliptischen	demand	diagonalizable
binär	unsecured	antilogaritmo
festgelegte	hundredths	perduró
aufzulösen	spares	cocientes


Polynom	Polynomial	Polinomio

vierten	factorized	νόμος
polynomrings	superscripts	factoriza
schranke	colourings	máquina
dividiert	september	spline
anzuordnen	meets	detallado
nullabbildung	parabolic	marcó
vorkommende	denominators	colorear
ἐκ	évariste	igualdades
spezialisierte	sheaf	existentes
nullstellenschranken	researchers	babbage
reduziert	chromatic	multiplica
koeffizientenringes	niels	elegante
inhalt	whetstone	escriba
anzunähern	bivariate	pide
reziprokes	unital	charles
zweigliedrige	subring	constituidos
diagonalisierung	deciding	niels
kommende	crop	eficiente
bisschen	fractions	eleva
gliedes	exclude	algebraicamente
monomen	explains	divisible
natürlichzahligen	bad	simétricos
πολύ	solvable	mónico
δύο	sextic	cromático
mehrgliedrige	investigations	adquirir
schranken	irreducible	sacará
leichte	placeholders	quinto
veranschaulichen	alphabet	monomio
höchsten	counted	diseñada
gliedweise	analyzed	moscú


Taylorreihe	Taylor series	Serie de Taylor

guten	expectation	retomaron
laurentreihe	break	visualisation
richtungsableitung	unsolvable	hui
taylorreihen	clenshaw	trigonométrico
stützstellen	maclaurin	aproximados
visualisierung	colin	sobrevivido
konvergenzradius	unresolved	hindúes
ableitungsoperator	atomist	methods
funktionsauswertung	rejected	stem
äquidistanten	professor	madhava
diskretes	incurred	where
identitätsoperator	recasting	complejidad
konvergent	pink	zenón
geeigneter	generalizing	descartó
übereinstimmung	ninth	siquiera
translationsoperator	writings	considerarlo
global	visualisation	eleata
konvergenzbereich	irene	colin
einfachheit	philosopher	sillas
ausnahmslos	bernoulli	ventajas
differenzenoperator	distant	disco
exponentialreihe	philosophical	choose
festes	einar	subdivisiones
wertet	aristotle	acotando
and	presocratic	desarrollaría
nichtanalytischer	apparently	progresivas
entwicklungspunktes	subdivisions	incluidos
darstellbar	scottish	trigonometric
restgliedformeln	hopes	aristóteles
taylor	expansions	registro


Explizites Euler-Verfahren	Euler method	Método de Euler

quadraturformel	decays	aproxime
effizientere	katherine	ocho
zeitpunkte	descent	básicamente
schrittweite	rosetta	limitar
equations	limitation	esquema
wähle	oscillates	minimizar
sinnvolle	modifications	online
explizites	unstable	cometido
konvergenzordnung	machine	desconocida
simple	gerhard	significativas
bezieht	unlikely	cosas
rechenarbeit	treat	nombrado
variabel	polygonal	derivado
einschrittverfahren	johnson	antonio
boxregel	instability	regularmente
abschätzt	repetitive	comete
verfahrens	eliminates	tomarnos
mittelpunktsregel	fairly	seguimos
wendet	analyze	avanzar
steife	implementations	reemplazo
approximationen	kendall	asumimos
kleinerer	organize	cometiendo
berechne	resorts	previos
kreises	qualitatively	cruzan
calculi	decay	harán
intervallgrenze	arieh	evaluará
umgeformt	figuring	quedaría
herleitung	overestimates	discute
anfangswertproblem	slow	editorial
stabilitätsgebiet	astronaut	poligonal


Vektor	Euclidean vector	Vector

repräsentieren	driving	encadenados
aktuelle	quadrilateral	modificación
betrags	physically	puedan
verschiebungsweite	contravariance	mejores
feldstärke	rotate	convenciones
komponentenschreibweise	isolating	sumado
grafisch	abstracted	personas
statik	evolves	centrípeta
vektorraumbasis	equipollent	implicadas
gerechnet	contravariant	tensoriales
axiale	dealt	partícula
transformiert	transforming	particularmente
unterstreichung	convert	dato
gegenvektor	usefully	permanecen
vektorbegriffs	tait	examinan
gestreckt	astronomers	lorentz
funktionenräumen	trajectory	deslizar
bleiben	presents	fuerzas
sechs	aligned	termina
pfeils	kiyosi	axiales
rinteln	flights	giro
zahlentripel	conversions	equivalentes
distributiv	c	incapaz
drehimpuls	tails	modificaciones
typischen	tilde	obtengamos
gerichtet	gain	simplificarse
axialvektoren	del	uniendo
handschriften	flip	representamos
transformationsverhalten	ebb	evitar
einstufige	skeptical	simplifiquen


Vektorraum	Vector space	Espacio vectorial

neuer	hülfsmittel	hülfsmittel
koordinatentupel	abstraits	supera
neutralem	honor	abstraits
maßgeblich	großer	condujeron
garantieren	elementargeometrie	juega
konsequenzen	guided	simulator
trägermengen	kernels	graphical
dreifache	ℓ	acudir
gesagte	barycentrische	creada
spiegelbildlich	leendert	finitas
axiom	imposed	baricéntricas
letzteren	unambiguously	independencia
unterräumen	flag	möbius
schiefkörper	baptiste	formalizado
sinnen	examination	denominar
ws	harmonization	argand
nullvektorraum	einige	cronológicamente
abelsch	transfers	barycentrische
funktionenraum	barrie	descartes
anschaulicher	analytique	facilitarán
anwendungsbereichen	disregarding	operazioni
rechtwinkligen	compared	probados
beobachtung	équations	remontan
lemmas	pontryagin	débil
halbkörper	dft	notaremos
jedweder	issues	mathématiques
konkret	coproduct	supiésemos
basisvektor	predecessors	introducen
übertragbar	giuseppe	einige
weitreichende	mourey	espais


Skalar (Mathematik)	Scalar (mathematics)	Escalar (matemática)

modulelementes	citation	formalizar
tensor	adscendunt	isomorfo
grundringes	analyticem	soportan
richtungsunabhängig	ex	escala
gegebenenfalls	vel	excluye
grundkörpers	vocentur	adicional
ebenenspiegelung	proportionally	dotarse
zahlenwertes	vi	sirven
transformationsgruppe	surd	extracción
angabe	sua	describrse
ähnlichen	quae	producir
abgrenzung	descend	use
resultierende	artem	q
diagonale	adjectival	v
entfernung	proportionaliter	físico
drehungen	shall	incluyendo
ändert	genere	cuerpos
energie	derives	describir
skalar	restricts	cuál
teilchen	ascend	interpreta
teilweise	genus	bruce
allein	recorded	k
charakterisiert	keeping	dé
teubner	usage	fenómeno
grundkörper	sections	hermítica
festen	support	consigo
vektorraumes	module	característica
untergruppe	françois	introducir
teilgebiet	progression	interno
modul	english	normado


Norm (Mathematik)	Norm (mathematics)	Norma vectorial

berücksichtigung	jointly	actúe
quasinorm	truly	corto
assoziativen	lecture	explicada
sublineare	seminorms	sii
normsphäre	latex	definimos
gitterförmigen	seminormed	basándonos
definierende	taxicab	simbolismo
michel	markup	academic
submultiplikativität	supply	eduard
kugeloberfläche	donoho	astrofísica
kugelbegriff	subadditivity	fructíferas
quadratwurzeln	acronym	mínimas
eingrenzende	centrally	pese
normeigenschaften	abusing	consideración
versehener	quotation	delimitan
operatornorm	superellipse	interesa
diskretisierung	drive	notes
gewichtsfunktion	ǁ	orientados
betragssumme	involution	determine
schachbretts	homogeneity	recuérdese
einheitssphären	seminorm	identificable
basierende	objective	apunta
dimensionalen	taxi	françois
folgenraum	lateral	distributions
senkrechten	street	posibilidades
teilraum	isotropic	mechanics
entstehenden	sublinear	longitudes
dualität	macros	operacionales
subellipsen	zbl	extraer
quasinormierter	contrary	fijada


Euklidischer Raum	Euclidean space	Espacio euclídeo

brouwer	simplex	difeomorfa
hyperbolischer	frame	prototípico
nachdem	tenets	finitodimensionales
affiner	prescribes	topológica
umgebende	bear	resaltar
französischen	enjoys	exóticos
eindeutiger	preferable	invariancia
isometrisch	option	pitágoras
identifizierung	drawings	euclides
punktraums	shifted	aprovecharse
axiomatisch	deforming	versiones
rechengesetzen	sheet	homeomorfa
invarianz	flats	fibrado
anschauungsraums	equilateral	donaldson
cole	conformal	concebir
axiomensystem	detached	lie
postulate	technically	proyectar
koordinatenvektorraum	klein	simon
begrifflich	devoid	homeomorfo
ursprungs	arccosine	considerados
luitzen	obvious	servido
riemannsche	operating	poseer
teilkörpern	smoothly	copias
handeln	incidence	euclidianos
euklidisch	glide	infinitodimensional
ineinander	invariance	dotar
marcel	branded	tuplas
verbindungsvektor	stabilizer	inducido
rechnerisch	pervasive	métrica
transitiv	inches	euclídeo


Matrix (Mathematik)	Matrix (mathematics)	Matriz (matemáticas)

spaltensummen	subjected	intenta
nullraumes	thesaurus	mapa
beachtet	eberhard	servomotores
kompakteren	maxime	famosos
gilbert	hp	homogénea
komma	whitehead	individuales
cookbook	statistics	werner
erleichtern	camera	enlazan
büchern	remark	siga
hermiteschen	fine	obviamente
schiefsymmetrisch	guy	reposo
projektionsmatrizen	package	parezca
vorzugsweise	dimensionality	conexiones
minor	render	cartesiana
schlüsselkonzept	lens	sera
endlichem	deflection	adecuadamente
körperelemente	conformable	abuso
matrizenkalkül	websites	bagdad
matrixproduktes	generalising	relacione
dyadisches	alternatively	ligado
lösungsvektor	companion	pieza
multiplikationsregel	optional	caprichosa
trotzdem	halle	limitadas
parallelprojektion	lenses	adyacencia
jordansche	deleting	or
zerlegen	possibilities	fundando
kette	growth	capítulo
zeitlich	werner	inmediatamente
quadrate	designates	venido
standardmatrizen	ray	refundida


Skalarprodukt	Dot product	Producto escalar

spitzen	dyadics	pearson
semilinearität	blas	conjugada
behandelte	kahan	enseñanza
matrizenprodukt	nevertheless	modifica
oberstufe	contraction	reciben
erkennt	emphasizes	rectificable
stumpfer	salvaged	adopta
bevorzugt	demonstrations	realizaría
retten	presentations	sesquilineal
skalarproduktes	remembered	devuelve
landesbildungsserver	dyadic	recto
jakob	cancellation	profesores
eingezeichneten	θ	cortas
kosinuswerte	sesquilinear	retorna
quadrieren	dot	prehilbert
sesquilinearform	fulfills	ligeramente
motivierten	magnitudes	proy
innenproduktraum	mind	oportunidad
verallgemeinerungen	previously	generalizando
transponieren	summarized	enfatiza
winkeln	cost	alianza
daraufhin	pictured	bilineal
vorwegnahme	designate	estudiados
assoziativität	suffer	jorge
gleichorientiert	ℕ	geodésica
beispiels	dotted	generadas
lauth	keeping	cos
homogen	weights	existente
wagen	obey	radianes
alternativversion	formulations	interiores


Lineare Gleichung	Linear equation	Ecuación de primer grado

gliedern	violate	asunto
randbedingungen	leaving	hiperplano
unbekanntem	crosses	interceptando
term	obviously	afirmarse
kokern	converted	intersecciones
gesuchten	belief	abcisas
konstantem	parameters	plantea
differenzengleichungen	intercept	verdadera
koeffizientenfunktionen	extent	existirán
rechter	fewer	simultáneamente
koordinatenform	passes	complicado
robert	modeling	coincidente
größte	searches	dejando
fundamentalsystem	tax	despejando
vektorgleichung	regrouping	segmentaria
typen	subareas	admiten
zusammenfassen	unknowns	involucra
vorkommt	progressive	corta
startwerten	everyday	convertirse
rangsatzes	providing	manipulación
integralkern	sciences	original
bernd	social	cumplirse
geteilt	designate	horizontal
inhomogene	subscripts	interpretaciones
koeffizientenvektor	proportionality	incógnita
lösungsraum	understand	planos
parameterdarstellung	rewrite	trivial
homogenen	constants	reescribirse
lösungsmenge	chapter	independientes
differenzengleichung	textbook	conmutativo


Einheitsmatrix	Identity matrix	Matriz identidad

moduls	immaterial	matrix
matrixexponential	ambiguously	inmersa
nullelement	trivially	considerada
siegfried	infinitude	delta
definierenden	concisely	describir
einsen	german	concisamente
zentrische	books	trivial
zentrum	delta	identidad
softwarepaket	idempotent	deducir
mathematica	regardless	permutación
vollem	kronecker	dependiendo
identitätsabbildung	zeros	diagonal
außerdiagonalelemente	boldface	infinitas
matlab	serves	neutro
vielfachheit	identity	aún
zeilentausch	trace	unitario
spaltenvertauschungen	full	va
abbildungsmatrizen	identical	quiere
untergruppen	otherwise	simplemente
nullte	ones	tamaño
einheitsmatrizen	size	escribir
einheitsmatrix	main	dimensiones
einselement	diagonal	veces
ursprungsebene	square	escribe
darstellungsmatrix	transformations	existen
nullen	linearly	finita
unitärer	represent	toda
karsten	root	dimensión
charakteristischen	invertible	aplicación
streckungsfaktor	property	ningún


Orthogonale Matrix	Orthogonal matrix	Matriz ortogonal

spektralsatz	dubrulle	verificar
uneigentlich	rest	internos
eberhard	diaconis	subgrupo
eigenwerten	generation	isométricas
permutationsmatrix	pivoting	isomorfismos
jörg	diagonalized	fibrados
ungerader	shahshahani	madrid
polarzerlegung	babylonian	profundizar
eigenwertproblemen	calls	pude
unterbestimmter	orthogonalize	transpuesta
hauptkomponentenanalyse	squared	tema
dient	matches	inversiones
spiegelungsmatrizen	procrustes	rígidos
spiegelungsmatrix	demands	extensivamente
diagonaleinträge	hopkins	especulares
eigenräume	overdetermined	transformaciones
drehung	covering	ortogonal
faktorisiert	tempting	teorías
winkeltreue	nearest	recíproco
permutationsmatrizen	molecule	reflexiones
eigenwertprobleme	constrained	singular
multivariater	minimizes	ortogonales
standardskalarprodukts	modulus	usadas
semidefiniten	subdiagonal	caracterización
kondition	reproduce	ortonormal
polarisationsformel	compensate	inmediato
gehöriger	nicholas	llamadas
quadriken	workhorse	computación
drehmatrix	bring	cuadrados
unabhängigkeit	vacated	basta


Orthogonalität	Orthogonality	Ortogonalidad (matemáticas)

robuster	γωνία	griego
elementargeometrie	prone	familia
orthogonalprojektion	cellular	isostáticas
orthogonalbasen	bands	interesantes
inzidenzebenen	trying	esféricas
polyeder	synthetic	perpendicualares
komplements	analyses	cilíndricas
schwächer	subchannels	productor
skalarproduktraums	instruction	tracción
schroedel	reliability	califica
windschief	exclusive	suaves
polygon	estimator	envolventes
orthogonalverfahren	formalism	tensiones
orthogonalitätsrelationen	testing	convencional
latex	maximize	familias
statistischen	interfere	ortogonalidad
orthonormalen	essay	complemento
skalarprodukträume	eigenstates	euclídeas
interessante	rewriting	resultan
orthonormalisierungsverfahren	schemes	cualesquiera
vermessung	semicircle	notado
zeichenkodierungsstandard	pairwise	ortogonales
orthogonalitätsbegriff	substances	compresión
benachbarte	algol	geométricos
umstand	tetrazine	tangentes
senkblei	econometric	curvas
unicode	reacting	m
orthogonalitätssymbol	unix	coordenadas
unverändert	explanatory	prehilbertiano
skalarproduktraum	multi	dirá


Einheitsvektor	Unit vector	Vector unitario

bevorzugte	azimuthal	ortogonalización
hesseschen	roles	coordenados
orthogonalisierungsverfahren	radial	versor
zulassung	subtended	normalizar
häufigsten	handbook	afirmado
hut	amounting	acento
vr	versor	asociado
einheitsvektoren	themes	cartesianos
kanonischen	arfken	frecuente
angewandten	resolve	circunflejo
gewöhnlich	versors	designan
naturwissenschaften	triplet	transforma
gekennzeichnet	minimize	frecuencia
kanonische	counterclockwise	conveniente
unendlicher	corrects	asociados
rechnungen	contexts	breve
vektorraumes	normalized	referirse
normiert	spherical	analíticamente
einheitsvektor	cylindrical	comienzo
winkels	spatial	versores
notwendig	murray	unitario
aufeinander	freedom	proyección
hilberträumen	designated	transformar
michiel	operated	razón
spielt	identify	evidente
hazewinkel	weber	tendencia
gelingt	synonym	determinada
kosinus	symmetry	simplemente
kartesisches	varying	dirección
skalarprodukts	directions	desarrollos


Determinante	Determinant	Determinante (matemática)

unmittelbare	takakazu	olvidado
bezeichne	contributes	mal
interpretation	enlarged	póstumo
multilinearen	combinatorial	empleo
berliner	completion	podrán
permanente	multidimensional	submatrices
charakteristisches	facilitate	interesó
laplacesche	morphism	derminante
konjugierten	reorders	chinos
verständnis	cholesky	computacional
schematische	textbooks	documento
studien	reordered	paralelamente
einheitengruppe	semidefinite	contribuyeron
multilinearform	price	co
gestaltet	persymmetric	empleaba
späteren	manin	sabiendo
cramersche	similarity	halladas
determinanten	mahajan	elegida
ternären	hanus	contribuciones
eliminationsverfahren	epsilon	aceptación
näherungsformel	clockwise	gastos
nützliches	vandermonde	correctas
colin	mercator	expulsión
pfaffsche	bareiss	contribuyente
vollendeten	antisymmetric	tratados
sommersemesters	unchanged	abrumador
lauten	inefficient	medios
blöcken	functors	paralelogramos
gleichungssystemen	meant	impuso
determinantenberechnung	wronskian	orientaciones


